object,url
jiayue%2F1631516611_r1NkBbIiJa.png,https://hzjiayue.oss-cn-hangzhou.aliyuncs.com/jiayue/1631516611_r1NkBbIiJa.png
jiayue%2F1631516633_HDEYDZ6vae.png,https://hzjiayue.oss-cn-hangzhou.aliyuncs.com/jiayue/1631516633_HDEYDZ6vae.png
jiayue%2F1631516655_bpCE7b03uI.png,https://hzjiayue.oss-cn-hangzhou.aliyuncs.com/jiayue/1631516655_bpCE7b03uI.png
jiayue%2F1631516690_Aa9oEAQmcq.png,https://hzjiayue.oss-cn-hangzhou.aliyuncs.com/jiayue/1631516690_Aa9oEAQmcq.png
jiayue%2F1631516698_4QSgJsQKGF.png,https://hzjiayue.oss-cn-hangzhou.aliyuncs.com/jiayue/1631516698_4QSgJsQKGF.png
jiayue%2F1631516736_do7SHkoIfU.png,https://hzjiayue.oss-cn-hangzhou.aliyuncs.com/jiayue/1631516736_do7SHkoIfU.png
jiayue%2F1631516744_Dho5y3rwcG.png,https://hzjiayue.oss-cn-hangzhou.aliyuncs.com/jiayue/1631516744_Dho5y3rwcG.png
jiayue%2F1631516857_fQEuxyBseC.png,https://hzjiayue.oss-cn-hangzhou.aliyuncs.com/jiayue/1631516857_fQEuxyBseC.png
jiayue%2F1631516871_TgGCZYPdKG.png,https://hzjiayue.oss-cn-hangzhou.aliyuncs.com/jiayue/1631516871_TgGCZYPdKG.png
jiayue%2F1631516895_KwASPcJ6X9.png,https://hzjiayue.oss-cn-hangzhou.aliyuncs.com/jiayue/1631516895_KwASPcJ6X9.png
jiayue%2F1631516904_skwRecrxnD.png,https://hzjiayue.oss-cn-hangzhou.aliyuncs.com/jiayue/1631516904_skwRecrxnD.png
jiayue%2F1631516928_rMqwO0Tvc4.png,https://hzjiayue.oss-cn-hangzhou.aliyuncs.com/jiayue/1631516928_rMqwO0Tvc4.png
jiayue%2F1631516935_L8341fagG7.png,https://hzjiayue.oss-cn-hangzhou.aliyuncs.com/jiayue/1631516935_L8341fagG7.png
jiayue%2F1631516966_pZ2AnoewAp.png,https://hzjiayue.oss-cn-hangzhou.aliyuncs.com/jiayue/1631516966_pZ2AnoewAp.png
jiayue%2F1631516974_92oubasqSC.png,https://hzjiayue.oss-cn-hangzhou.aliyuncs.com/jiayue/1631516974_92oubasqSC.png
jiayue%2F1631693067_3yy4s6OI8M.jpg,https://hzjiayue.oss-cn-hangzhou.aliyuncs.com/jiayue/1631693067_3yy4s6OI8M.jpg
jiayue%2F1631693084_j4snw7MNhU.jpg,https://hzjiayue.oss-cn-hangzhou.aliyuncs.com/jiayue/1631693084_j4snw7MNhU.jpg
jiayue%2F1631693096_ltC1fj5LKz.jpg,https://hzjiayue.oss-cn-hangzhou.aliyuncs.com/jiayue/1631693096_ltC1fj5LKz.jpg
jiayue%2F1631693123_GM1ZSZI6q0.jpg,https://hzjiayue.oss-cn-hangzhou.aliyuncs.com/jiayue/1631693123_GM1ZSZI6q0.jpg
jiayue%2F1631693136_uGCzGniUKA.jpg,https://hzjiayue.oss-cn-hangzhou.aliyuncs.com/jiayue/1631693136_uGCzGniUKA.jpg
jiayue%2F1631693146_CEpjyCFqWB.jpg,https://hzjiayue.oss-cn-hangzhou.aliyuncs.com/jiayue/1631693146_CEpjyCFqWB.jpg
jiayue%2F1631693640_1gIx22RdK1.jpg,https://hzjiayue.oss-cn-hangzhou.aliyuncs.com/jiayue/1631693640_1gIx22RdK1.jpg
jiayue%2F1631693653_hXsrQmY5gk.jpg,https://hzjiayue.oss-cn-hangzhou.aliyuncs.com/jiayue/1631693653_hXsrQmY5gk.jpg
jiayue%2F1631693703_MAhUWKUrnQ.jpg,https://hzjiayue.oss-cn-hangzhou.aliyuncs.com/jiayue/1631693703_MAhUWKUrnQ.jpg
jiayue%2F1631693899_CVwnTsrqrv.jpg,https://hzjiayue.oss-cn-hangzhou.aliyuncs.com/jiayue/1631693899_CVwnTsrqrv.jpg
jiayue%2F1631693903_u8bHSHGRrI.jpg,https://hzjiayue.oss-cn-hangzhou.aliyuncs.com/jiayue/1631693903_u8bHSHGRrI.jpg
jiayue%2F1631693988_0UlrFw3JjD.jpg,https://hzjiayue.oss-cn-hangzhou.aliyuncs.com/jiayue/1631693988_0UlrFw3JjD.jpg
jiayue%2F1631693992_9WKv6x1LH6.png,https://hzjiayue.oss-cn-hangzhou.aliyuncs.com/jiayue/1631693992_9WKv6x1LH6.png
jiayue%2F1631694074_dJdby20WGh.png,https://hzjiayue.oss-cn-hangzhou.aliyuncs.com/jiayue/1631694074_dJdby20WGh.png
jiayue%2F1631694076_WBWm3fHNPg.jpg,https://hzjiayue.oss-cn-hangzhou.aliyuncs.com/jiayue/1631694076_WBWm3fHNPg.jpg
jiayue%2F1631694118_b8DBj7tZxF.jpg,https://hzjiayue.oss-cn-hangzhou.aliyuncs.com/jiayue/1631694118_b8DBj7tZxF.jpg
jiayue%2F1631694120_04Iho7F3W6.png,https://hzjiayue.oss-cn-hangzhou.aliyuncs.com/jiayue/1631694120_04Iho7F3W6.png
jiayue%2F1631694184_TCbsined9o.jpg,https://hzjiayue.oss-cn-hangzhou.aliyuncs.com/jiayue/1631694184_TCbsined9o.jpg
jiayue%2F1631694253_VGZSVPtOVL.jpg,https://hzjiayue.oss-cn-hangzhou.aliyuncs.com/jiayue/1631694253_VGZSVPtOVL.jpg
jiayue%2F1631694272_gzT0VsVJWw.jpg,https://hzjiayue.oss-cn-hangzhou.aliyuncs.com/jiayue/1631694272_gzT0VsVJWw.jpg
jiayue%2F1631694310_6rBF2IGDvm.png,https://hzjiayue.oss-cn-hangzhou.aliyuncs.com/jiayue/1631694310_6rBF2IGDvm.png
jiayue%2F1631694317_RrLRCxHmOU.png,https://hzjiayue.oss-cn-hangzhou.aliyuncs.com/jiayue/1631694317_RrLRCxHmOU.png
jiayue%2F1631694330_k25BrxVcIx.jpg,https://hzjiayue.oss-cn-hangzhou.aliyuncs.com/jiayue/1631694330_k25BrxVcIx.jpg
jiayue%2F1631694374_5CPe3VfhQF.jpg,https://hzjiayue.oss-cn-hangzhou.aliyuncs.com/jiayue/1631694374_5CPe3VfhQF.jpg
jiayue%2F1631694384_kx9kAGNViM.png,https://hzjiayue.oss-cn-hangzhou.aliyuncs.com/jiayue/1631694384_kx9kAGNViM.png
jiayue%2F1631694421_jQOUAe5Gn4.png,https://hzjiayue.oss-cn-hangzhou.aliyuncs.com/jiayue/1631694421_jQOUAe5Gn4.png
jiayue%2F1631694426_l9HYfNLgNM.png,https://hzjiayue.oss-cn-hangzhou.aliyuncs.com/jiayue/1631694426_l9HYfNLgNM.png
jiayue%2F1631694443_RGG5AsZpq3.jpg,https://hzjiayue.oss-cn-hangzhou.aliyuncs.com/jiayue/1631694443_RGG5AsZpq3.jpg
jiayue%2F1631698303_ZFmNFfYn7s.png,https://hzjiayue.oss-cn-hangzhou.aliyuncs.com/jiayue/1631698303_ZFmNFfYn7s.png
jiayue%2F1631698369_Wjj98MXF1C.jpg,https://hzjiayue.oss-cn-hangzhou.aliyuncs.com/jiayue/1631698369_Wjj98MXF1C.jpg
jiayue%2F1631698413_pLhCvXPt6Q.png,https://hzjiayue.oss-cn-hangzhou.aliyuncs.com/jiayue/1631698413_pLhCvXPt6Q.png
jiayue%2F1631698440_nfPw8MsywS.jpg,https://hzjiayue.oss-cn-hangzhou.aliyuncs.com/jiayue/1631698440_nfPw8MsywS.jpg
jiayue%2F1631698511_rhtouVXs1h.jpg,https://hzjiayue.oss-cn-hangzhou.aliyuncs.com/jiayue/1631698511_rhtouVXs1h.jpg
jiayue%2F1631698544_QGr9Clvuro.jpg,https://hzjiayue.oss-cn-hangzhou.aliyuncs.com/jiayue/1631698544_QGr9Clvuro.jpg
jiayue%2F1631698558_6AkFCTEmZb.jpg,https://hzjiayue.oss-cn-hangzhou.aliyuncs.com/jiayue/1631698558_6AkFCTEmZb.jpg
